Date,Close
2023-10-02,2979
2023-10-03,3004
2023-10-04,4157
2023-10-05,4711
2023-10-06,5125
2023-10-07,5435
2023-10-09,5229
2023-10-10,5926
2023-10-11,5729
2023-10-12,6826
2023-10-13,8629
2023-10-14,14717
2023-10-16,14485
2023-10-17,11953
2023-10-18,11237
2023-10-19,10171
2023-10-20,9016
2023-10-21,7713
2023-10-23,6583
2023-10-24,5262
2023-10-25,5302
2023-10-26,5294
2023-10-27,4922
2023-10-28,4920
2023-10-30,4762
2023-10-31,4388
2023-11-01,4050
2023-11-02,3464
2023-11-03,3135
2023-11-04,3135
2023-11-06,2957
2023-11-07,3295
2023-11-08,3663
2023-11-09,3603
2023-11-10,4292
2023-11-11,3456
2023-11-13,3382
2023-11-14,3117
2023-11-15,3021
2023-11-16,2955
2023-11-17,3078
2023-11-18,3012
2023-11-20,3258
2023-11-21,3308
2023-11-22,3533
2023-11-23,3527
2023-11-24,3514
2023-11-25,3769
2023-11-27,3900
2023-11-28,3862
2023-11-29,4444
2023-11-30,5218
2023-12-01,4647
2023-12-02,4647
2023-12-04,4254
2023-12-05,3899
2023-12-06,3849
2023-12-07,3772
2023-12-08,3622
2023-12-09,3334
2023-12-11,3483
2023-12-12,3426
2023-12-13,3581
2023-12-14,3644
2023-12-15,4074
2023-12-16,3876
2023-12-18,4182
2023-12-19,4170
2023-12-20,4450
2023-12-21,4439
2023-12-22,4106
2023-12-23,4254
2023-12-25,4065
2023-12-26,3990
2023-12-27,4182
2023-12-28,4358
2023-12-29,3952
2023-12-30,3957
2024-01-03,3514
2024-01-04,3609
2024-01-05,3532
2024-01-06,3516
2024-01-08,3655
2024-01-09,3590
2024-01-10,3612
2024-01-11,3664
2024-01-12,3938
2024-01-13,4628
2024-01-15,5120
2024-01-16,5282
2024-01-17,5480
2024-01-18,5796
2024-01-19,5600
2024-01-20,5698
2024-01-22,6913
2024-01-23,6746
2024-01-24,6390
2024-01-25,6257
2024-01-26,6491
2024-01-27,6352
2024-01-29,6218
2024-01-30,5620
2024-01-31,5599
2024-02-01,5696
2024-02-02,5522
2024-02-03,5475
2024-02-05,5714
2024-02-06,5486
2024-02-07,5626
2024-02-08,5212
2024-02-09,3621
2024-02-13,3957
2024-02-14,3781
2024-02-15,3617
2024-02-16,4728
2024-02-17,4728
2024-02-19,4639
2024-02-20,4716
2024-02-21,5204
2024-02-22,5480
2024-02-23,5674
2024-02-24,6296
2024-02-26,6793
2024-02-27,6548
2024-02-28,6894
2024-02-29,7271
2024-03-01,6238
2024-03-02,6238
2024-03-04,6358
2024-03-05,5911
2024-03-06,5938
2024-03-07,5843
2024-03-08,5524
2024-03-09,5449
2024-03-11,5575
2024-03-12,5411
2024-03-13,5344
2024-03-14,5374
2024-03-15,5383
2024-03-16,5252
2024-03-18,5285
2024-03-19,5278
2024-03-20,5346
2024-03-21,5405
2024-03-22,5507
2024-03-23,5607
2024-03-25,5338
2024-03-26,5443
2024-03-27,5405
2024-03-28,5563
2024-03-29,5568
2024-03-30,5321
2024-04-01,5293
2024-04-02,5349
2024-04-03,5453
2024-04-04,5631
2024-04-05,5499
2024-04-06,5676
2024-04-08,5719
2024-04-09,5610
2024-04-10,5366
2024-04-11,4936
2024-04-12,4748
2024-04-13,4191
2024-04-15,3497
2024-04-16,3219
2024-04-17,3171
2024-04-18,3450
2024-04-19,3688
2024-04-20,4540
2024-04-22,4148
2024-04-23,3873
2024-04-24,4358
2024-04-25,4086
2024-04-26,3915
2024-04-27,3383
2024-04-29,3190
2024-04-30,2867
2024-05-01,3077
2024-05-02,3301
2024-05-03,3684
2024-05-04,3534
2024-05-06,2928
2024-05-07,2610
2024-05-08,2721
2024-05-09,2923
2024-05-10,2876
2024-05-11,2938
2024-05-13,3018
2024-05-14,2980
2024-05-15,3445
2024-05-16,4111
2024-05-17,4427
2024-05-18,4628
2024-05-20,4048
2024-05-21,3494
2024-05-22,3458
2024-05-23,3617
2024-05-24,3434
2024-05-25,2993
2024-05-27,2800
2024-05-28,2288
2024-05-29,1902
2024-05-30,1720
2024-05-31,1533
2024-06-01,1317
2024-06-03,1658
2024-06-04,1672
2024-06-05,1897
2024-06-06,2126
2024-06-07,2221
2024-06-08,2313
2024-06-10,2390
2024-06-11,2286
2024-06-12,2246
2024-06-13,2086
2024-06-14,2128
2024-06-15,2167
2024-06-17,2028
2024-06-18,1884
2024-06-19,1857
2024-06-20,1525
2024-06-21,1725
2024-06-22,1600
2024-06-24,1737
2024-06-25,1695
2024-06-26,1568
2024-06-27,1422
2024-06-28,1316
2024-06-29,1412
2024-07-01,1589
2024-07-02,1834
2024-07-03,2023
2024-07-04,2180
2024-07-05,2600
2024-07-06,3433
2024-07-08,2879
2024-07-09,2527
2024-07-10,2313
2024-07-11,2161
2024-07-12,2278
2024-07-13,2118
2024-07-15,2211
2024-07-16,2223
2024-07-17,2105
2024-07-18,2110
2024-07-19,1960
2024-07-20,1879
2024-07-22,2018
2024-07-23,2154
2024-07-24,2139
2024-07-25,2222
2024-07-26,2367
2024-07-27,2369
2024-07-29,2417
2024-07-30,2236
2024-07-31,2299
2024-08-01,2410
2024-08-02,2251
2024-08-05,2073
2024-08-06,2345
2024-08-07,2781
2024-08-08,3230
2024-08-09,2923
2024-08-10,2232
2024-08-12,2235
2024-08-13,2426
2024-08-14,3215
2024-08-15,3719
2024-08-16,5242
2024-08-17,5637
2024-08-19,4934
2024-08-20,4364
2024-08-21,3931
2024-08-22,4054
2024-08-23,3811
2024-08-24,3017
2024-08-26,2807
2024-08-27,2362
2024-08-28,2749
2024-08-29,3440
2024-08-30,4752
2024-08-31,5094
2024-09-02,5171
2024-09-03,5496
2024-09-04,6104
2024-09-05,7186
2024-09-06,6502
2024-09-07,6796
2024-09-09,7546
2024-09-10,7502
2024-09-11,8192
2024-09-12,8557
2024-09-13,8857
2024-09-14,7507
2024-09-16,4621
2024-09-20,2682
2024-09-21,3152
2024-09-23,3961
2024-09-24,3371
2024-09-25,3899
2024-09-26,4723
2024-09-27,4420
2024-09-28,4700
2024-09-30,4988
2024-10-01,5919
2024-10-02,8085
2024-10-03,11133
2024-10-04,11824
2024-10-05,12050
2024-10-07,11702
2024-10-08,11171
2024-10-09,10740
2024-10-10,11910
2024-10-11,11425
2024-10-12,12507
2024-10-14,11483
2024-10-15,8492
2024-10-16,7854
2024-10-17,7657
2024-10-18,7600
2024-10-19,6355
2024-10-21,6305
2024-10-22,5283
2024-10-23,5130
2024-10-24,4621
2024-10-25,4974
2024-10-26,4144
2024-10-28,4788
2024-10-29,4158
2024-10-30,4366
2024-10-31,4968
2024-11-01,5456
2024-11-02,4851
2024-11-04,4891
2024-11-05,5146
2024-11-06,5144
2024-11-07,5565
2024-11-08,5708
2024-11-09,5526
2024-11-11,6048
2024-11-12,6888
2024-11-13,7460
2024-11-14,9199
2024-11-15,7764
2024-11-16,6309
2024-11-18,6139
2024-11-19,6578
2024-11-20,6286
2024-11-21,6380
2024-11-22,5776
2024-11-23,4753
2024-11-25,4849
2024-11-26,4711
2024-11-27,4484
2024-11-28,4589
2024-11-29,4214
2024-11-30,4026
2024-12-02,4393
2024-12-03,5082
2024-12-04,4676
2024-12-05,4780
2024-12-06,4346
2024-12-07,3802
2024-12-09,3906
2024-12-10,3820
2024-12-11,4066
2024-12-12,4091
2024-12-13,4024
2024-12-14,3986
2024-12-16,3903
2024-12-17,3648
2024-12-18,3441
2024-12-19,3967
2024-12-20,3471
2024-12-21,3425
2024-12-23,3550
2024-12-24,3439
2024-12-25,3397
2024-12-26,3775
2024-12-27,3132
2024-12-28,2983
2024-12-30,3024
2024-12-31,2712
2025-01-02,2712
2025-01-03,2757
2025-01-04,2436
2025-01-06,2488
2025-01-07,2480
2025-01-08,2760
2025-01-09,3189
2025-01-10,2706
2025-01-11,2696
2025-01-13,2835
2025-01-14,2950
2025-01-15,3026
2025-01-16,3507
2025-01-17,3447
2025-01-18,3758
2025-01-20,3387
2025-01-21,3435
2025-01-22,3059
2025-01-23,2915
2025-01-24,2802
2025-01-25,2716
2025-01-27,2499
2025-01-28,2181
2025-02-01,2125
2025-02-03,2751
2025-02-04,2966
2025-02-05,3177
2025-02-06,3501
2025-02-07,3524
2025-02-08,3375
2025-02-10,3631
2025-02-11,3986
2025-02-13,4895
2025-02-14,4982
2025-02-15,4787
2025-02-17,4404
2025-02-18,4099
2025-02-19,3989
2025-02-20,3735
2025-02-21,3467
2025-02-22,3370
2025-02-24,3465
2025-02-25,3489
2025-02-26,3329
2025-02-27,3466
2025-02-28,3177
2025-03-01,3470
2025-03-03,3392
2025-03-04,3475
2025-03-06,3421
2025-03-07,3449
2025-03-08,3818
2025-03-10,3775
2025-03-11,3601
2025-03-12,3846
2025-03-13,3714
2025-03-14,3507
2025-03-15,3744
2025-03-17,3639
2025-03-18,3579
2025-03-19,3532
2025-03-20,3428
2025-03-21,3353
2025-03-22,3181
2025-03-24,3127
2025-03-25,3089
2025-03-26,2911
2025-03-27,3038
2025-03-28,2833
2025-03-29,2850
2025-03-31,2920
2025-04-01,2703
2025-04-02,2745
2025-04-03,2899
2025-04-04,2828
2025-04-05,2766
2025-04-07,2848
2025-04-08,2887
2025-04-09,2744
2025-04-10,2896
2025-04-11,2845
2025-04-12,2791
2025-04-14,2881
2025-04-15,2816
2025-04-16,2906
2025-04-17,2962
2025-04-18,2879
2025-04-19,2702
2025-04-21,2650
2025-04-22,2204
2025-04-23,2223
2025-04-24,2196
2025-04-25,2072
2025-04-26,2028
2025-04-28,1957
2025-04-29,1851
2025-04-30,1883
2025-05-01,1894
2025-05-02,1953
2025-05-03,2080
2025-05-05,2034
2025-05-06,1983
2025-05-07,1854
2025-05-08,1951
2025-05-09,1936
2025-05-10,1918
2025-05-12,1966
2025-05-13,1991
2025-05-14,2297
2025-05-15,2656
2025-05-16,2982
2025-05-17,2765
2025-05-19,2556
2025-05-20,2511
2025-05-21,2194
2025-05-22,2021
2025-05-23,1726
2025-05-24,1671
2025-05-26,1672
2025-05-27,1558
2025-05-28,1495
2025-05-29,1530
2025-05-30,1455
2025-05-31,1487
2025-06-02,1509
2025-06-03,1667
2025-06-04,1870
2025-06-05,2162
2025-06-06,2117
2025-06-07,2037
2025-06-09,1916
2025-06-10,1931
2025-06-11,1924
2025-06-12,2071
2025-06-13,2190
2025-06-14,2516
2025-06-16,2153
2025-06-17,2107
2025-06-18,1914
2025-06-19,1694
2025-06-20,1359
2025-06-21,1362
2025-06-23,1379
2025-06-24,1290
2025-06-25,1332
2025-06-26,1421
2025-06-27,1601
2025-06-28,1780
2025-06-30,1656
2025-07-01,2197
2025-07-02,3135
2025-07-03,3945
2025-07-04,3726
2025-07-05,3331
2025-07-07,2575
2025-07-08,1989
2025-07-09,1661
2025-07-10,1666
2025-07-11,1781
2025-07-12,1894
2025-07-14,1900
2025-07-15,1908
2025-07-16,1928
2025-07-17,2036
2025-07-18,2511
2025-07-19,2846
2025-07-21,2968
2025-07-22,3111
2025-07-23,3793
2025-07-24,5040
2025-07-25,5657
2025-07-26,5438
2025-07-28,4444
2025-07-29,4643
2025-07-30,5062
2025-07-31,5111
2025-08-01,3253
2025-08-04,2946
2025-08-05,2571
2025-08-06,2146
2025-08-07,2051
2025-08-08,1964
2025-08-09,1893
2025-08-11,2127
2025-08-12,2280
2025-08-13,2575
2025-08-14,3189
2025-08-15,5394
2025-08-16,4793
2025-08-18,4482
2025-08-19,5969
2025-08-20,5786
2025-08-21,5154
2025-08-22,3882
2025-08-23,3406
2025-08-25,3117
2025-08-26,2599
2025-08-27,2838
2025-08-28,3416
2025-08-29,3395
2025-08-30,3185
2025-09-01,3114
2025-09-02,3235
2025-09-03,3412
2025-09-04,3273
2025-09-05,3195
2025-09-06,3051
2025-09-08,2704
2025-09-09,2558
2025-09-10,2889
2025-09-11,3674
2025-09-12,5366
2025-09-13,5189
2025-09-15,5091
2025-09-16,5680
2025-09-17,8796
2025-09-18,14115
2025-09-19,7760
2025-09-20,5802
2025-09-22,5719
2025-09-23,4908
2025-09-24,5032
2025-09-25,5156
2025-09-26,5042
2025-09-27,4788
2025-09-29,4606
2025-09-30,3504
2025-10-01,3458
2025-10-02,2748
2025-10-03,2839
2025-10-04,2715
2025-10-09,2578
2025-10-10,2690
2025-10-11,3407
2025-10-13,4324
2025-10-14,4920
2025-10-15,5149
2025-10-16,5128
2025-10-17,4187
2025-10-18,5025
2025-10-20,4557
2025-10-21,4677
2025-10-22,5048
2025-10-23,5047
2025-10-24,5053
2025-10-25,5545
2025-10-27,5102
2025-10-28,5445
2025-10-29,6487
2025-10-30,6679
2025-10-31,5690
2025-11-01,5690
2025-11-03,5119
2025-11-04,5180
2025-11-05,5926
2025-11-06,5457
2025-11-07,5299
2025-11-08,4999
2025-11-10,4973
2025-11-11,4978
2025-11-12,4607
2025-11-13,4557
2025-11-14,4067
2025-11-15,4040
2025-11-17,4076
2025-11-18,3931
2025-11-19,3738
2025-11-20,3799
2025-11-21,3331
2025-11-22,3116
2025-11-24,3203
2025-11-25,2998
2025-11-26,3305
2025-11-27,3339
2025-11-28,3459
2025-11-29,3503
2025-12-01,3795
2025-12-02,3552
2025-12-03,3452
2025-12-04,3522
2025-12-05,3055
2025-12-06,3370
2025-12-08,3274
2025-12-09,3292
2025-12-10,3489
2025-12-11,4235
2025-12-12,3614
2025-12-15,3663
2025-12-16,3559
2025-12-17,3611
2025-12-18,3494
2025-12-19,3370
2025-12-20,3599
2025-12-22,3631
2025-12-23,3310
2025-12-24,3395
2025-12-25,3340
2025-12-26,3117
2025-12-27,3089
2025-12-29,3248
2025-12-30,3221
2025-12-31,2790
2026-01-03,2688
2026-01-05,2583
2026-01-06,2479
2026-01-07,2682
2026-01-08,2528
2026-01-09,2132
2026-01-10,2268
2026-01-12,2496
2026-01-13,2538
2026-01-14,2839
2026-01-15,2850
2026-01-16,2817
2026-01-17,3058
2026-01-19,3175
2026-01-20,3060
2026-01-21,2835
2026-01-22,3063
2026-01-23,2905
2026-01-24,2966
2026-01-26,3088
2026-01-27,2950
2026-01-28,3113
2026-01-29,3226
2026-01-30,3106
2026-01-31,3162
2026-02-02,3319
2026-02-03,3111
2026-02-04,3193
2026-02-05,3431
2026-02-06,3182
2026-02-07,2974
2026-02-09,3099
2026-02-10,2864
2026-02-11,3023
2026-02-12,3365
2026-02-13,3027
2026-02-14,3245
2026-02-16,2123
2026-02-20,1897
2026-02-21,1930
2026-02-23,2526
2026-02-24,2387
2026-02-25,2212
2026-02-26,2212
2026-02-27,2287
2026-02-28,3049
2026-03-02,3220
2026-03-03,3147
2026-03-04,3315
2026-03-05,3857
2026-03-06,3060
2026-03-09,3097
2026-03-10,3083
2026-03-11,2968
2026-03-12,3064
2026-03-13,2859
2026-03-14,3124
2026-03-16,3345
2026-03-17,3122
2026-03-18,3142
2026-03-19,3098
2026-03-20,3001
2026-03-21,3047
2026-03-23,3152
2026-03-24,3035
2026-03-25,3054
2026-03-26,3002
2026-03-27,3048
2026-03-28,3040
2026-03-30,2863
2026-03-31,2806
2026-04-01,2660
2026-04-02,2588
2026-04-03,2073
2026-04-06,2257
2026-04-07,1896
2026-04-08,1979
2026-04-09,1903
2026-04-10,1967
2026-04-11,1896
2026-04-13,2080
2026-04-14,2014
2026-04-15,2003
2026-04-16,2058
2026-04-17,2090
2026-04-18,2164
2026-04-20,2228
2026-04-21,2200
2026-04-22,2094
2026-04-23,2135
2026-04-24,2070
2026-04-25,2007
2026-04-27,2001
2026-04-28,1904
2026-04-29,1903
2026-04-30,2067
2026-05-01,2025
2026-05-02,1951
2026-05-04,1906
2026-05-05,1798
2026-05-06,1823
2026-05-07,1980
2026-05-08,1984
2026-05-09,2148
2026-05-11,2157
2026-05-12,2240
2026-05-13,2131
2026-05-14,2266
2026-05-15,2148
2026-05-16,2324
2026-05-18,2200
2026-05-19,2228
2026-05-20,2181
2026-05-21,2344
2026-05-22,2367
2026-05-23,2354
2026-05-25,2143
2026-05-26,1868
2026-05-27,1623
2026-05-28,1623
2026-05-29,1658
2026-05-30,1539
2026-06-01,1565
2026-06-02,1648
2026-06-04,1683
2026-06-05,1590
2026-06-06,1662
2026-06-08,1447
2026-06-09,1402
2026-06-10,1376
2026-06-11,1479
2026-06-12,1469
2026-06-13,1570
2026-06-15,1663
2026-06-16,1941
2026-06-17,2408
2026-06-18,2945
2026-06-19,2809
2026-06-20,2627
2026-06-22,1962
2026-06-23,1652
2026-06-24,1323
2026-06-25,1311
2026-06-26,1178
2026-06-27,1212
2026-06-29,1449
2026-06-30,1699
2026-07-01,2001
2026-07-02,2627
2026-07-03,3463
2026-07-04,2456
2026-07-06,2157
2026-07-07,2102
2026-07-09,2057
2026-07-10,2871
2026-07-11,2055
2026-07-13,1851
2026-07-14,1875
2026-07-15,1864
2026-07-16,1900
2026-07-17,1969
2026-07-18,1713
2026-07-20,1554
2026-07-21,1238
2026-07-22,1258
2026-07-23,1252
2026-07-24,1855
2026-07-25,1256
2026-07-27,1848
2026-07-28,1915
2026-07-29,2044
2026-07-30,2885
2026-07-31,2766
2026-08-03,2661
2026-08-04,2727
2026-08-05,2857
2026-08-06,3152
2026-08-07,2797
2026-08-08,2123
2026-08-10,2203
2026-08-11,1725
2026-08-12,1612
2026-08-13,1725
2026-08-14,2316
2026-08-15,2330
2026-08-17,3488
2026-08-18,4489
2026-08-19,6494
2026-08-20,7328
2026-08-21,7086
2026-08-22,7066
2026-08-24,6186
2026-08-25,5467
2026-08-26,5129
2026-08-27,7015
2026-08-28,5954
2026-08-29,4599
2026-08-31,3817
2026-09-01,3559
2026-09-02,3101
2026-09-03,3232
2026-09-04,3588
2026-09-05,3435
2026-09-07,3336
2026-09-08,3280
2026-09-09,3516
2026-09-10,4000
2026-09-11,4422
2026-09-12,4808
2026-09-14,5081
2026-09-15,5930
2026-09-16,5913
2026-09-17,7986
2026-09-18,8460
2026-09-19,9160
2026-09-21,7183
2026-09-22,4942
2026-09-23,5276
2026-09-24,6197
2026-09-28,3759
2026-09-29,3350
2026-09-30,3042
